time_step_days,peak_upper_clay_pore_pressure_kPa
10.0,91.29470240186046
5.0,91.19781747213536
2.0,91.21486980531583
1.0,91.19493648291628
